common_name,additional_names,latin_name,family,polish_name
Acorn Squash,"Similar plants:pumpkin, zucchini","Cucurbita pepo","Cucurbitaceae","Dynia żołędziowa"
African Daisy,"Barberton Daisy, Veldt Daisy, Transvaal Daisy, Gerber Daisy","Gerbera jamesonii","Compositae","Gerbera Jamesona (Stokrotka afrykańska)"
African Violet,"Cape Marigold","Saintpaulia spp.","Gesneriaceae","Fiołek afrykański (Sępolia)"
Algaroba,"Kiawe, Mesquite","Prosopis limensis","Mimosaceae","Chrząstkowiec"
Aluminum Plant,"Watermelon Plant","Pilea cadieri","Urticaceae","Pilea Cadiera (Roślina aluminiowa)"
Alumroot,"Coral Bells, Heuchera","Heuchera sanguinea","Saxifragaceae","Żurawka krwista"
Alyssum,"Alyssum varieties","Alyssum spp.","Brassicaceae","Smagliczka"
American Rubber Plant,"Pepper Face, Baby Rubber Plant","Peperomia obtusifolia","Pipericeae","Peperomia tępolistna"
Amur Maple,"Maple, Amur","Acer ginnala","Sapindaceae","Klon ginnala (Klon amurski)"
Anthericum Comosum,"Ribbon Plant, Spider Plant, Spider Ivy","Chlorophytum comosum","Asparagaceae","Zielistka Sternberga"
Antirrhinum Multiflorum,"Withered Snapdragon","Antirrhinum multiflorum","Scrophulariaceae","Wyżlin wielokwiatowy"
Arabian Gentian,"Persian Violet, German Violet","Exacum affine","Gentianaceae","Egzakum pokrewne (Fiołek perski)"
Areca Palm,"Golden Butterfly Palm, Cane Palm, Golden Feather Palm, Yellow Palm","Dypsis lutescens","Palmae","Palma Areka (Złotowiec)"
Aregelia,"Crimson cup, Marbled fingernail,Blushing bromeliad, Ossifragi Vase, Miniature Marble plant","Neoregalia spp.","Bromeliaceae","Neoregelia"
Artillery Plant,"","Pilea microphylla","Urticaceae","Pilea drobnolistna (Roślina artyleryjska)"
Aspidium falcatum,"Fern Holly, Japanese Holly, Fish Tail","Cyrtomium falcatum","Polypodiaceae","Cyrtomium sierpowate (Paproć ostrokrzewu)"
Australian Pine,"Norfolk Pine, House Pine, Norfolk Island Pine","Araucaria heterophylla","Araucariaceae","Araukaria wyniosła (Sosna australijska)"
Autumn Olive,"Silver Berry, Russian Olive","Eleagnus spp.","Elaeagnaceae","Oliwnik"
Baby Rubber Plant,"Pepper Face, American Rubber Plant","Peperomia obtusifolia","Pipericeae","Peperomia tępolistna"
Baby’s Breath,"Maidens Breath","Gypsophila elegans","Caryophyllaceae","Gipsówka wytworna (Łyszczec)"
Baby’s Tears,"Polka Dot Plant, Measles Plant, Flamingo Plant, Freckle Face, Pink Splash","Hypoestes phyllostachya","Acanthaceae","Niedośpian kłosolistny (Łzy dziecka)"
Bachelors Buttons,"Cornflower, Bluebottle","Centaurea cyanus","Asteraceae","Chaber bławatek"
Ball Fern,"Rabbit's Foot Fern, Squirrel Foot Fern, Deer Foot Fern, Hare Fern","Davallia spp.","Polypodiaceae","Dawalia (Paproć zajęcza łapa)"
Bamboo,"Golden Bamboo, Fishpole Bamboo","Phyllostachys aurea","Gramineae","Bambus (Złoty bambus)"
Bamboo Palm,"Miniature Fish Tail Dwarf Palm, Parlor Palm, Good Luck Palm","Chamaedorea elegans","Palmae","Chamedora wytworna (Palma bambusowa)"
Bamboo Vine,"Blaspheme vine, Laurel-leaved Greenbrier","Smilax laurifolia","Liliaceae","Kolcorośl wawrzynolistna"
Banana,"Plantain","Musa acuminata","Musaceae","Banan"
Banana Squash,"","Cucurbita maxima var. banana","Cucurbitaceae","Dynia bananowa"
Barberton Daisy,"Transvaal Daisy, African Daisy, Veldt Daisy, Gerbera Daisy","Gerbera jamesonii","Compositae","Gerbera Jamesona"
Barnaby's Thistle,"Yellow Star Thistle","Centaurea solstitialis","Compositae","Chaber żółty"
Basil,"Saint Joseph's Wort, Thai Basil, Sweet Basil","Ocimum basilicum","Lamiacea","Bazylia pospolita"
Beets,"Beet Root, Red Beet, Swiss Chard, Roman Kale, Sugar Beet","Beta vulgaris","Chenopodiaceae","Burak zwyczajny"
"Begonia, Climbing","Rex Begonia","Cissus dicolor","Vitaceae","Cissus dwubarwny (Begonia pnąca)"
"Begonia, Trailing","Trailing Watermelon Begonia","Pellionia daveauana","Urticaceae","Pellionia Daveau'a (Begonia zwisająca)"
Belmore Sentry Palm,"Curly Palm","Howea belmoreana","Palmae","Howea Belmore'a (Palma kędzierzawa)"
Big Shagbark Hickory,"Big Shellbark Hickory, Shellbark Hickory, Shagbark Hickory","Carya laciniosa","Juglandaceae","Orzesznik siedmiolistkowy"
Big Shellbark Hickory,"Shellbark Hickory","Carya laciniosa","Juglandaceae","Orzesznik siedmiolistkowy"
Bitter Pecan,"Water Hickory","Carya aquatica","Juglandaceae","Orzesznik wodny (Pekan gorzki)"
Bitternut,"","Carya cordiformis","Juglandaceae","Orzesznik sercowaty"
Black Haw,"Wild Raisin, Tea Plant, Cowberry, Nannyberry, Sweet Viburnum, Nanny Plum, Sheepberry, Sweetberry","Viburnum lentago","Caprifoliaceae","Kalina kanadyjska"
Black Hawthorn,"Weisdornbluten, Blackthorn, Thorn Apple, Thorn Plum, Pirliteiro, Red Hawthorn, May Bush, Oxyacantha, Haw Apple, Black Haw, Aubepine","Crataegus douglasii","Rosaceae","Głóg Douglasa"
Black Walnut,"","Juglans nigra","Juglandaceae","Orzech czarny"
Blackjack Pine,"Ponderosa Pine, Western Yellow Pine, Yellow Pine, Bull Pine","Pinus ponderosa","Pinaceae","Sosna żółta"
Blaspheme Vine,"Blaspheme vine, Laurel-leaved Greenbrier, Bamboo Vine","Smilax laurifolia","Liliaceae","Kolcorośl wawrzynolistna"
Bloodleaf,"Chicken Gizzard, Yellow Bloodleaf, Joseph's Coat","Iresine herbstii","Amaranthaceae","Iresine Herbsta (Krwawnica)"
Blooming Sally,"Willow Herb, Great Willow Herb, Fire Weed","Epilobium angustifolium","Onagraceae","Wierzbownica kiprzyca"
Blue Bead,"Corn Lily","Clintonia borealis","Liliaceae","Klintonia północna"
Blue Daisy,"Felicia, Blue Marguerite","Felicia amelloides","Compositae","Felicja amellusowa (Niebieska stokrotka)"
Blue Echeveria,"Maroon Chenille Plant, Painted Lady, Copper Rose, Wax Rosette, Plush Plant","Echeveria glauca","Crassulaceae","Eszeweria sina"
Blue Eyed Daisy,"Blue-eyed African Daisy","Arctotis stoechadifolia","Compositae","Arktotis widłakowaty (Niebieskooka stokrotka)"
Blue-dicks,"Wild Hyacinth","Dichelostemma pulchellum","Amaryllidaceae","Dichelostemma piękna (Dzwoneczek preriowy)"
Blue-dicks 2,"Wild Hyacinth","Hookera pulchella","Amaryllidaceae","Hookera piękna"
Blue-dicks 3,"Wild Hyacinth","Brodiaea pulchella","Amaryllidaceae","Brodiaea piękna"
Blue-eyed African Daisy,"Blue-eyed Daisy","Arctotis stoechadifolia","Compositae","Arktotis widłakowaty"
Bluebottle,"Cornflower, Bachelors Buttons","Centaurea cyanus","Asteraceae","Chaber bławatek"
Blunt Leaf Peperomia,"Pepper Face, Baby Rubber Plant, American Rubber Plant","Peperomia obtusifolia","Pipericeae","Peperomia tępolistna"
Blushing Bromeliad,"Crimson cup, Marbled fingernail, Blushing Bromeliad, Ossifragi Vase, Miniature Marble plant, Aregelia","Neoregalia spp.","Bromiliaceae","Neoregelia (Rumieniąca się bromelia)"
Bold Sword Fern,"","Nephrolepis biserrata","Dryopteridaceae","Nefrolepis piłkowany (Paproć mieczowa)"
Boston Fern,"","Nephrolepis exalta bostoniensis","Dryopteridaceae","Nefrolepis wyniosły 'Bostoniensis' (Paproć bostońska)"
Bottle Palm,"Elephant-foot Tree, Pony Tail Plant","Beaucarnea recurvata","Agavaceae","Nolina wygięta (Palma butelkowa)"
Bottle Palm 2,"Elephant-foot Tree, Pony Tail Plant","Nolina tuberculata","Agavaceae","Nolina gujańska"
Bottlebrush,"Weeping Bottlebrush, Prickly Bottlebrush, Crimson Bottlebrush","Callistemon species","Myrtaceae","Kuflik"
Brazilian Orchid,"","Sophronitis spp.","Orchidaceae","Sfronitis (Orchidea brazylijska)"
Bride's Bonnet,"Queencup","Clintonia uniflora","Liliaceae","Klintonia jednokwiatowa (Czepek panny młodej)"
Bristly Greenbrier,"Hagbrier, Hellfetter","Smilax hispida","Liliaceae","Kolcorośl szorstka"
Brodiaea Pulchella,"Wild Hyacinth, Blue-dicks","Dichelostemma pulchellum","Amaryllidaceae","Dichelostemma piękna"
Broom Hickory,"Big Shellbark Hickory, Shellbark Hickory","Carya laciniosa","Juglandaceae","Orzesznik siedmiolistkowy"
Bullbrier,"Catbrier, Horsebrier, Common Greenbrier","Smilax rotundifolia","Liliaceae","Kolcorośl okrągłolistna"
Bur Gourd,"Goareberry Gourd, Gooseberry Gourd, West Indian Gherkin","Cucumis anguria","Cucurbitaceae","Ogórek antylski (Gurda kolczasta)"
Burro's Tail,"Horse's Tail, Donkey's Tail, Lamb's Tail","Sedum morganianum","Crassulaceae","Rozchodnik Morgana (Ogon osła)"
Buttercup Squash,"","Cucurbita maxima cv buttercup","Cucurbitaceae","Dynia piżmowa 'Buttercup'"
Butterfly Ginger,"White Ginger, Cinnamon Jasmine, Garland Flower, Ginger Lily","Hedychium coronarium","Zingiberaceae","Hedychium wieńcowe (Imbir motylkowy)"
Butternut Squash,"","Cucurbita maxima cv butternut","Cucurbitaceae","Dynia piżmowa"
Buzzy Lizzie,"Giant Touch-Me-Not, Impatience Plant, Patient Lucy, Patient Plant, Tangerine Impatience","Impatiens spp.","Balsaminaceae","Niecierpek (Leniwa Lizzie)"
Caeroba,"Rattle Snake Plant, Peacock Plant, Zebra Plant","Calathea insignis","Marantaceae","Kalatea lancetolistna"
Calathea,"","Calathea spp.","Marantaceae","Kalatea"
Calathea Lancifolia 2,"","Maranta insignis","Marantaceae","Maranta wspaniała"
Calathea Lancifolia 3,"","Calathea insignis","Marantaceae","Kalatea wspaniała"
California Pitcher Plant,"Cobra Orchid, Cobra Plant, Cobra Lily, Chrysamphora","Darlingtonia californica","Sarraceniaceae","Darlingtonia kalifornijska (Dzbanecznik kalifornijski)"
Callistemon Brachyandrus,"Weeping Bottlebrush, Prickly Bottlebrush, Crimson Bottlebrush, Bottlebrush, Callistemon brachyandrus","Callistemon species","Myrtaceae","Kuflik"
Callistemon citrinus,"Crimson Bottlebrush","Callistemon citrinus","Myrtaceae","Kuflik cytrynowy"
Callistemon viminalis,"Weeping Bottlebrush, Prickly Bottlebrush, Crimson Bottlebrush","Callistemon viminalis","Myrtaceae","Kuflik wierzbowaty"
Calochortus nuttalli,"Sego Lily, Star Tulip, Mariposa Lily, Cat Ear, Butterfly Tulip","Calochortus spp.","Liliaceae","Kokoryczka Nuttalla"
Camellia,"Common Camellia, Peony Camellia","Camellia japonica","Theaceae","Kamelia japońska"
Canada Hemlock,"","Tsuga canadensis","Pinaceae","Choina kanadyjska"
Canary Date Palm,"","Phoenix canariensis","Palmae","Daklowiec kanaryjski (Palma kanaryjska)"
Candle Plant,"","Plectranthus coleoides","Lamiaceae","Plekrantus koleusowaty (Roślina świecowa)"
Candycorn Plant,"","Hypocyrta nummularia","Gesneriaceae","Hypocyrta nummularia (Roślina kukurydziana)"
Cane Palm,"Golden Butterfly Palm, Areca Palm, Golden Feather Palm, Yellow Palm","Dypsis lutescens, chrysalidocarpus lutescens (alternate scientific name)","Palmae","Palma trzcinowa (Złotowiec)"
Canna,"Achira, Indian shot, African arrow root, edible canna, purple arrow root, sierra leone arrow root","Canna indica","Cannaceae","Paciorecznik indyjski (Kanna)"
Canna Lily,"Common Garden Canna","Canna generalis","Cannaceae","Paciorecznik ogrodowy (Kanna)"
Canterbury-bell,"","Gloxinia perennis","Gesneriaceae","Gloxinia wieloletnia (Dzwonek Canterbury)"
Cape Marigold,"African Daisy","Dimorphotheca pluvialis","Compositae","Dimorfoteka deszczowa (Nagietek przylądkowy)"
Cape Primrose,"Twisted Fruit, Bavarian Belle","Streptocarpus spp.","Gesneriaceae","Skrętnik (Pierwiosnek przylądkowy)"
Carob,"Sugar Pod, Locust Pods, Algaroba, Carob Tree Kharoub, Beans","Ceratonia siliqua","Fabaceae","Szarańczyn strąkowy (Chleb świętojański)"
Caroba,"Caaroba, Carob Tree, Carobhina, Bignonia","Jacaranda procera","Bignoniaceae","Jakarauda wyniosła"
Carolina Hemlock,"","Tsuga caroliniana","Pinaceae","Choina karolińska"
Carrion Flower,"Jacob's Ladder","Smilax herbacea","Liliaceae","Kolcorośl zielna (Kwiat padliny)"
Carrion Flower 2,"Hairy Toad Plant","Stapelia hirsata","Asclepiadaceae","Stapelia owłosiona (Kwiat padliny)"
Carrot Fern,"","Onychium japonica","Polypodiaceae","Onychium japońskie (Paproć marchewkowa)"
Carrot Flower,"Garden Carrot","Daucus carota var. sativa","Umbelliferae","Marchew zwyczajna (Kwiat marchwi)"
Casaba Melon,"Honeydew Melon, True Cantaloupe, Muskmelon","Cucumis melo","Cucurbitaceae","Melon kasaba"
Cast Iron Plant,"Bar Room Plant, Iron Plant, Variegated Cast Iron Plant","Aspidistra elatior","Liliaceae","Aspidistra wyniosła (Żelazna roślina)"
Cat Brier,"China Root, Ti-hu-ling, Shiny Leaf Smilax","Smilax glabra","Liliaceae","Kolcorośl gładka"
Cat Ear,"Sego Lily, Star Tulip, Mariposa Lily, Cat Ear, Butterfly Tulip, Calochortus","Calochortus spp.","Liliaceae","Kocie uszko (Kokoryczka)"
Cattleya Labiata,"Crimson Cattleya, Ruby-lipped Cattleya","Cattleya labiata","Orchidaceae","Katleja wargowa"
Celosia Globosa,"Globe Amarantha, Perpetua","Celosia globosa","Amaranthaceae","Celozja kulista (Amarantus kulisty)"
Celosia Plumosa,"Cockscomb","Celosia plumosa","Amaranthaceae","Celozja pierzasta (Grzebionatka)"
Celosia Spicata,"Flamingo Feather","Celosia spicata","Amaranthaceae","Celozja kłosowa (Pióro flaminga)"
Chamaedorea,"Miniature Fish Tail Dwarf Palm, Parlor Palm, Good Luck Palm","Chamaedorea elegans","Palmae","Chamedora"
Chaparral,"Creosote Bush, Greasewood","Larrea tridentata","Zygophyllaceae","Larrea trójzębna (Chaparral)"
Chervil,"Garden Chervil, French Parsley","Anthriscus cerefolium","Apiaceae","Trybula ogrodowa"
Chestnut,"American Chestnut","Castanea dentata","Fagaceae","Kasztan jadalny"
Chicken-Gizzard,"Joseph's Coat, Bloodleaf Plant","Iresine herbstii","Amaranthaceae","Iresine Herbsta (Żołądek kurczaka)"
Chickens and Hens,"Hens and Chickens, Mother Hens and Chicks","Echeveria elegans","Crassulaceae","Eszeweria wytworna (Kurki i kurczęta)"
Chin-lao-shu,"China Root, Ti-hu-ling, Shiny Leaf Smilax, Catbrier","Smilax glabra","Liliaceae","Kolcorośl gładka"
China Aster,"Annual Aster, Aster Sinensis","Callistephus chinensis","Compositae","Aster chiński"
China Root,"Catbrier, Ti-hu-ling, Shiny Leaf Smilax","Smilax glabra","Liliaceae","Kolcorośl gładka (Korzeń chiński)"
Chinese Plumbago,"","Ceratostigma willmottianum","Plumbaginaceae","Ceratostigma Willmotta (Ołownik chiński)"
Chlorophytum,"Ribbon Plant, Spider Ivy, Spider Plant","Anthericum comosum","Asparagaceae","Zielistka"
Chlorophytum bichetti,"Saint Bernard's Lily","Chlorophytum bichetti","Liliaceae","Zielistka Bichetta (Lilia św. Bernarda)"
Chocolate Soldier,"Lace-Flower Vine, Episcia","Episcia dianthiflora","Gesneriaceae","Episcia goździkokwiatowa (Czekoladowy żołnierz)"
Christmas Cactus,"Easter Cactus","Schlumbergera bridgesii","Cactaceae","Grudnik (Kaktus bożonarodzeniowy)"
Christmas Dagger,"Christmas Dagger Fern","Polystichum acrostichoides","Dryopteridaceae","Paprotnik bożonarodzeniowy"
Christmas Orchid,"Winter Cattleya","Cattleya trianaei","Orchidaceae","Katleja Triany (Orchidea bożonarodzeniowa)"
Christmas Palm,"Manila Palm","Adonidia merrillii","Arecaceae","Adonidia Merilla (Palma bożonarodzeniowa)"
Cilantro,"Coriander, Chinese Parsley, Dhania","Coriandrum sativum","Apiaceae","Kolendra siewna"
Cinnamon,"","Cinnamomum zeylanicum","Lauraceae","Cynamonowiec cejloński"
Cinquefoil,"Silver Cinquefoil, Shrubby Cinquefoil, Rough Cinquefoil, Sulfur Cinquefoil, Rock Cinquefoil","Potentilla spp.","Rosaceae","Pięciornik"
Cirrhopetalum,"Old World Orchid","Bulbophyllum appendiculatum","Orchidaceae","Bulbophyllum (Orchidea Starego Świata)"
Clearweed,"Coolwort, Richweed","Pilea pumila","Urticaceae","Pilea karłowata"
Cliff Brake,"Button Fern, Green Cliff Brack, Cliff Break","Pellaea rotundifolia","Pteridaceae","Pelea okrągłolistna (Paprotnik klifowy)"
Club Moss,"Cushion Moss, Irish Moss, Krauss' Spikemoss, Spreading Club Moss, Trailing Irish Moss","Selaginella kraussiana","Selaginellaceae","Widliczka Kraussa (Mech klubowy)"
Cocks Comb,"Pile Wort, Lady Bleeding, Red Cocks Comb","Amaranthus hypochondriacus","Amaranthaceae","Szarłat zwisły (Grzebień koguci)"
Cocktail Orchid,"","Cattleya forbesii","Orchidaceae","Katleja Forbesa (Orchidea koktajlowa)"
Collinia Elegans,"Miniature Fish Tail Dwarf Palm, Parlor Palm, Good Luck Palm","Chamaedorea elegans","Palmae","Chamedora wytworna"
Common Camellia,"Camellia, Peony Camellia","Camellia japonica; Thea japonica","Theaceae","Kamelia japońska"
Common Catbrier,"Catbrier, Horsebrier, Common Greenbrier","Smilax rotundifolia","Liliaceae","Kolcorośl okrągłolistna"
Common Garden Canna,"Common Garden Canna","Canna generalis","Cannaceae","Paciorecznik ogrodowy (Kanna)"
Common Greenbrier,"Catbrier, Horsebrier, Common Greenbrier","Smilax rotundifolia","Liliaceae","Kolcorośl okrągłolistna"
Common Snapdragon,"Garden Snapdragon","Antirrhinum majus","Scrophulariaceae","Wyżlin większy (Lwia paszcza)"
Common Staghorn Fern,"","Platycerium bifurcatum","Polypodiaceae","Płaskla łosioroga (Paproć łosioroga)"
Confederate Jasmine,"Star Jasmine","Trachelospermum jasminoides","","Jaśmin konfederacki"
Coolwort,"Clearweed, Richweed","Pilea pumila","Urticaceae","Pilea karłowata"
Copper Rose,"","Echeveria multicaulis","Crassulaceae","Eszeweria wielołodygowa (Miedziana róża)"
Coral Bells,"Coral Bells, Heuchera","Heuchera sanguinea","Saxifragaceae","Żurawka krwista (Dzwonki koralowe)"
Coreopsis,"Tickseed","Coreopsis spp.","Compositae","Nachyłek"
Cornflower,"Bachelor's Buttons, Bluebottle","Centaurea cyanus","Asteraceae","Chaber bławatek"
Crape Myrtle,"Crepe Myrtle","Lagerstroemia indica","Lythraceae","Lagerstremia indyjska (Mirt krepowy)"
Creeping Charlie,"Swedish Ivy (Plectranthus)","Pilea nummulariifolia","Lamiaceae","Bluszczyk kurdybanek (Płożący Karolek)"
Creeping Gloxinia,"Maurandya","Asarina erubescens","Scrophulariaceae","Asarina zarumieniona (Płożąca gloksynia)"
Creeping Mahonia,"Tall Mahonia, Mountain Grape, Oregon Grape, Oregon Holly, Holly-leaved Barberry","Mahonia aquifolium","Berberidaceae","Mahonia pospolita (Płożąca mahonia)"
Creeping Pilea,"Swedish Ivy (Plectranthus), Creeping Charlie","Pilea nummulariifolia","Pilea: Uriticaeae; Plectranthus: Lamiaceae","Pilea nummulariifolia (Płożąca pilea)"
Creeping Rubus,"Strawberryleaf Raspberry","Rubus pedatus","Rosaceae","Malina płożąca"
Creeping Zinnia,"","Sanvitalia spp.","Asteraceae","Sanwitalia (Płożąca cynia)"
Crepe Myrtle,"Crape Myrtle","Lagerstroemia indica","Lythraceae","Lagerstremia indyjska (Mirt krepowy)"
Crimson Bottlebush,"Weeping Bottlebrush, Prickly Bottlebrush, Bottlebrush","Callistemon species","Myrtaceae","Kuflik szkarłatny"
Crimson Cup,"Marbled fingernail,Blushing bromeliad, Ossifragi Vase, Miniature Marble plant, Aregelia","Neoregalia spp.","Bromiliaceae","Neoregelia (Szkarłatny kielich)"
Crisped Feather Fern,"Bold-Sword Fern","Nephrolepis biserrata","Dryopteridaceae","Nefrolepis piłkowany (Kędzierzawa paproć piórkowa)"
Crossandra,"","Crossandra species","Acanthaceae","Krosandra"
Cucumber,"Garden Cucumber","Cucumis sativus","Cucurbitaceae","Ogórek siewny"
Cushion Aloe,"","Aloe retusa","Aloaceae","Aloes przywarty (Aloes poduszkowy)"
Cushion Moss,"Club Moss, Irish Moss, Krauss' Spikemoss, Spreading Club Moss, Trailing Irish Moss","Selaginella kraussiana","Selaginellaceae","Widliczka Kraussa (Mech poduszkowy)"
Cyrtudeira,"Flame African Violet, Frosty, Flame, Moss agate, Lady Lou, Red African Violet, Acajou","Episcia reptans","Gesneriaceae","Episcia płożąca"
Dainty Rabbits-Foot Fern,"Lacy Paw, Lacy Hare's Foot","Davallia fejeensis","Davalliaceae","Dawalia fiji (Delikatna paproć zajęcza łapa)"
Dallas Fern,"Bold Sword Fern","Nephrolepis biserrata","Dryopteridaceae","Nefrolepis piłkowany (Paproć Dallas)"
Dancing Doll Orchid,"","Oncidium flexuosum","Orchidaceae","Oncidium giętkie (Tańcząca lalka)"
Desert Trumpet,"","Eriogonium inflatum","Polygonaceae","Eriogonum nadęte (Pustynna trąbka)"
Dichelostemma,"Several varieties","Dichelostemma species","Amaryllidaceae","Dichelostemma"
Dichorisandra Reginae,"Queen's Spiderwort","Dichorisandra reginae","Commelinaceae","Dichorisandra królewska (Pajęczynowiec królowej)"
Dill,"","Anethum graveolena","Apiaceae","Koper ogrodowy"
Dinteranthus,"","Dinteranthus vanzylii","Aizoaceae","Dinterantus van Zylii"
Duffii Fern,"Duffy Fern, Lemon Button Fern","Nephrolepsis cordifolia 'duffii'","Nephrolepidaceae","Nefrolepis sercolistny 'Duffii' (Paproć Duffa)"
Dwarf Date Palm,"","Phoenix acaulis","Palmae","Daklowiec niski (Karłowata palma daktylowa)"
Dwarf Feather Palm,"","Nephrolepis exalta","Nephrolepidaceae","Nefrolepis wyniosły (Karłowata palma piórkowa)"
Dwarf Palm,"Good Luck palm, Parlor palm","Chamaedorea elegans","Palmae","Chamedora wytworna (Karłowata palma)"
Dwarf Rose-Stripe Star,"","Cryptanthus bivattus minor","Bromelaceae","Kryptantus dwupaskowy mniejszy (Karłowata gwiazda różowopaskowana)"
Dwarf Royal Palm,"","Veitchia merillii","Arecaceae","Adonidia Merilla (Karłowata palma królewska)"
Dwarf Whitman Fern,"","Nephrolepsis cordifolia plumosa","Nephrolepidaceae","Nefrolepis sercolistny pierzasty (Karłowata paproć Whitmana)"
Earth Star,"Starfish plant, Green earth star, Vary-leaf star","Cryptanthus bivattus minor","Bromeliaceae","Kryptantus dwupaskowy mniejszy (Gwiazda ziemska)"
Easter Cattleya,"Easter Orchid","Cattleya mossiae","Orchidaceae","Katleja Mossiae (Katleja wielkanocna)"
Easter Daisy,"","Townsendia sericea","Asteraceae","Townsendia jedwabista (Stokrotka wielkanocna)"
Easter Lily Cactus,"","Echinopsis multiplex","Cactaceae","Echinopsis multiplex (Kaktus lilii wielkanocnej)"
Easter Orchid,"Easter Cattleya","Cattleya mossiae","Orchidaceae","Katleja Mossiae (Orchidea wielkanocna)"
Edible Banana,"","Musa acuminata","Musaceae","Banan jadalny"
Emerald Ripple Peperomia,"Green ripple peperomia, Little fantasy peperpmia","Peperomia caperata","Piperaceae","Peperomia kędzierzawa (Szmaragdowa peperomia falista)"
English Hawthorn,"Midland hawthorn, Smooth hawthorn","Crataegus laevigata","Rosaceae","Głóg jednoszyjkowy (Głóg angielski)"
Episcia,"Lace-Flower Vine, Chocolate Soldier","Episcia dianthiflora","Gesneriaceae","Episcia"
Fairy Fountain,"Feathered Amaranth, Woolflower","Celosia cristata","Amaranthaeceae","Celozja grzebieniasta (Fontanna wróżek)"
False Aralia,"","Dizygotheca elegantissima","Araliaceae","Dizygoteka najwytworniejsza (Fałszywa aralia)"
Fan Tufted Palm,"Lady Palm","Rhapis flabelliformis","Araceae","Rapis wachlarzowaty (Palma wachlarzowa)"
Feather Palm,"","Nephrolepis exaltata","Nephrolepidaceae","Nefrolepis wyniosły (Palma piórkowa)"
Fennel,"Florence Fennel, Finocchio","Foeniculum vulgare","Umbelliferae","Koper włoski (Fenkuł)"
Fiery Reed Orchid,"","Epidendrum ibaguense","Orchidaceae","Epidendrum Ibaguense (Ognista orchidea trzcinowa)"
Fig Leaf Gourd,"Malabar Gourd","Cucurbita ficifolia","Cucurbitaceae","Dynia figolistna"
Figleaf Palm,"Formosa rice tree, Glossy-leaved paper plant, Big-leaf paper plant","Fatsia japonica","Araliaceae","Fatsja japońska (Palma figolistna)"
Fingernail Plant,"","Neoregelia spectabilis","Bromeliaceae","Neoregelia spectabilis (Roślina paznokciowa)"
Fire Weed,"Blooming Sally, Great Willow-Herb","Epilobium angustifolium","Onagraceae","Wierzbownica kiprzyca (Ogniste ziele)"
Fish Tail Fern,"","Cyrtomium falcatum","Polypodaceae","Cyrtomium sierpowate (Paproć rybi ogon)"
Flame African Violet,"Flame violet, Red violet","Episcia reptans","Gesneriaceae","Episcia płożąca (Płomienny fiołek afrykański)"
Flame of the Woods,"Maui sunset","Ixora coccinea","Rubiaceae","Iksora szkarłatna (Płomień lasu)"
Florida Butterfly Orchid,"Scarlet Orchid","Epidendrum tampense","Orchidaceae","Epidendrum tampense (Florydzka orchidea motylkowa)"
Florida Butterfly Orchid,"Butterfly orchid","Encyclia tampensis","Orchidaceae","Encyclia tampensis (Florydzka orchidea motylkowa)"
Fluffy Ruffles,"","Nephrolepsis exalta","","Nefrolepis wyniosły 'Fluffy Ruffles' (Puszyste falbanki)"
Forster Sentry Palm,"Kentia palm","Howea forsteriana","Palmea","Howea Forstera (Palma Forstera)"
Fortunes Palm,"Chusan palm","Trachycarpus fortunei","Palmae","Szorstkowiec Fortunego (Palma Fortunego)"
Freckle Face,"Polka Dot Plant, Measles Plant, Flamingo Plant, Baby’s Tears","Hypoestes phyllostachya","Acanthaceae","Niedośpian kłosolistny (Piegowata twarz)"
Friendship Plant,"","Pilea involucrata","Pilaceae","Pilea involucrata (Roślina przyjaźni)"
Garden Marigold,"Marigold, Mary Bud, Gold bloom, Pot marigold","Calendula officinalis","Compositae","Nagietek lekarski"
Garden Snapdragon,"","Antirrhinum majus","Scrophulariaceae","Wyżlin większy (Lwia paszcza ogrodowa)"
Gerber Daisy,"Transvaal Daisy, African Daisy, Veldt Daisy, Gerbera Daisy, Barberton Daisy","Gerbera jamesonii","Compositae","Gerbera Jamesona"
German Violet,"Arabian gentian, Persian violet","Exacum affine","Gentianaceae","Egzakum pokrewne (Fiołek niemiecki)"
Gherkins,"Immature cucumbers","Cucumis sativus","Cucurbitaceae","Korniszony (Ogórki konserwowe)"
Ghost Leafless Orchid,"Leafless ghost orchid","Polyrrhiza lindenii","Orchidaceae","Polyrrhiza Lindenii (Bezlistna orchidea duch)"
Ghost Plant,"Mother of Pearl","Sedum weinbergii","Crassulaceae","Rozchodnik Weinberga (Roślina duch)"
Giant Aster,"","Townsendia sericea","Asteraceae","Townsendia jedwabista (Wielki aster)"
Giant Holly Fern,"Sword fern, Wester sword, imbricate sword fern","Ploystichum munitum","Polypodaceae","Paprotnik kolczasty (Wielka paproć ostrokrzewu)"
Giant Touch-Me-Not,"Buzzy Lizzie, Impatience Plant, Patient Lucy, Patient Plant, Tangerine Impatience","Impatiens spp.","Balsaminaceae","Niecierpek (Wielki niedotykajmnie)"
Giant White Inch Plant,"","Albiflora spp.","Commelinaceae","Trzykrotka albiflora (Wielka biała roślina calowa)"
Globe Thistle,"","Echinops spp.","Asteraceae","Przegorzan"
Gloxinia,"","Sinningia speciosa","Gesneriaceae","Syningia okazała (Gloksynia)"
Gold Bloom,"Marigold, Mary Bud, Garden Marigold, Pot Marigold","Calendula officinalis","Compositae","Nagietek lekarski (Złoty kwiat)"
Gold-Fish Plant,"Candy Corn Plant","Hypocyrta nummularia","Gesneriaceae","Hypocyrta nummularia (Złota rybka)"
Golden Bells,"Forsythia","Oleaceae","","Forsycja (Złote dzwonki)"
Golden Butterfly Palm,"Areca Palm, Cane Palm, Golden Feather Palm, Yellow Palm","Dypsis lutescens","Palmae","Palma Areka (Złotowiec)"
Golden Lace Orchid,"Jewel Orchid","Haemaria discolor","Orchidaceae","Hemaria dwubarwna (Złota koronkowa orchidea)"
Golden Shower Orchid,"","Oncidium sphacelatum","Orchidaceae","Oncidium sphacelatum (Orchidea złotego deszczu)"
Good Luck Palm,"Dwarf Palm, Parlor Palm","Chamaedorea elegans","Palmae","Chamedora wytworna (Palma szczęścia)"
Grape Hyacinth,"","Muscari armeniacum","Liliaceae","Szafirek armeński (Winogronowy hiacynt)"
Grape Ivy,"Venezuela treebine","Cissus rhombifolia","Vitaceae","Cissus rombolistny (Winobluszcz)"
Great Willow Herb,"Blooming Sally, Fire Weed","Epilobium angustifolium","Onagraceae","Wierzbownica kiprzyca"
Green Ripple Peperomia,"Emerald Ripple Peperomia, Little Fantasy Peperpmia","Peperomia caperata","Piperaceae","Peperomia kędzierzawa (Zielona peperomia falista)"
Greenbrier,"China Root, Ti-hu-ling, Shiny Leaf Smilax, cat brier","Smilax glabra","Liliaceae","Kolcorośl gładka"
Hagbrier,"Hellfetter","Smilax hispida","Liliaceae","Kolcorośl szorstka"
Hardy Baby Tears,"Stonecrop","Sedum album","Crassulaceae","Rozchodnik biały (Wytrzymałe łzy dziecka)"
Hardy Gloxinia,"","Incarvillea delavayi","Bignoniaceae","Inkarwilla Delavaya (Wytrzymała gloksynia)"
Hare Fern,"Rabbit's Foot Fern, Squirrel Foot Fern, Deer Foot Fern, Ball Fern","Davallia spp.","Polypodiaceae","Dawalia (Paproć zajęcza)"
Haworthia,"Many cultivars","Haworthia species","Liliaceae","Haworsja"
Haws,"Pirliteiro","Crataegus species","Rosaceae","Głóg (Owoc głogu)"
Haws Apple,"Haws, Hawthorn","Crataegus species","Rosaceae","Głóg (Jabłko głogowe)"
Hawthorn,"Haws, Haws Apple","Crataegus species","Rosaceae","Głóg"
Hedgehog Gourd,"Teasel Gourd","Cucumis dipsaceus","Cucurbitaceae","Ogórek jeżowy"
Hellfetter,"Hellfetter","Smilax hispida","Liliaceae","Kolcorośl szorstka"
Hemlock Tree,"Many varieties","Tsuga species","Pinaceae","Choina"
Hen and Chickens Fern,"King and queen fern, Spleenwort, Parsley fern","Asplenium bulbiferum","Polypodaceae","Zanokcica bulwkowata (Paproć kura i kurczęta)"
Hens and Chickens,"Chickens and Hens, Mother Hens and Chicks","Echeveria elegans","Crassulaceae","Eszeweria wytworna (Kurki i kurczęta)"
Hibiscus,"Rose of Sharon, Rose of China","Hibiscus syriacus","Malvaceae","Ketmia syryjska (Hibiskus)"
Hindu Rope Plant,"","Hoya carnosa 'krinkle kurl'","Asclepiadaceae","Hoja różowa 'Krinkle Kurl' (Hinduska roślina sznurowa)"
Hoary Alyssum,"","Berteroa incana","Brassicaceae","Pyleniec pospolity (Siwa smagliczka)"
Holligold,"Marigold, Mary Bud, Gold Bloom, Pot Marigold, Garden Marigold","Calendula officinalis","Compositae","Nagietek lekarski"
Holly Fern,"Fishtail Fern","Cyrtomium falcatum","Polypodaceae","Cyrtomium sierpowate (Paproć ostrokrzewu)"
Hollyhock,"","Alcea rosea","Malvaceae","Malwa różowa (Prawoślaz)"
Honey Locust,"","Gleditsia triacanthos","Fabaceae","Glediczja trójcierniowa (Miodokrzew)"
Honey Plant,"Wax Plant","Hoya carnosa","Asclepiadaceae","Hoja różowa (Miodowa roślina)"
Honeydew Melon,"Casaba Melon","Cucumis melo","Cucurbitaceae","Melon spadziowy"
Honeysuckle Fuchsia,"","Fuchsia triphylla","Onagraceae","Fuksja trójlistna (Fuksja wiciokrzewu)"
Hookera pulchella,"Wild Hyacinth, Blue-Dicks","Dichelostemma pulchellum","Amaryllidaceae","Hookera piękna"
Hubbard Squash,"","Cucurbita maxima var. hubbard","Cucurbitaceae","Dynia olbrzymia 'Hubbard'"
Hypocyrta,"Candy Corn Plant, Goldfish Plant","Hypocyrta nummularia","Gesneriaceae","Hypocyrta"
Ice Plant,"","Lampranthus piquet","Aizoaceae","Przypołudnik (Roślina lodowa)"
Impatience Plant,"Giant Touch-Me-Not, Buzzy Lizzy, Patient Lucy, Patient Plant, Tangerine Impatience","Impatiens spp.","Balsaminaceae","Niecierpek (Roślina niecierpliwa)"
Irish Moss,"Club Moss, Cushion Moss, Krauss' Spikemoss, Spreading Club Moss, Trailing Irish Moss","Selaginella kraussiana","Selaginellaceae","Widliczka Kraussa (Mech irlandzki)"
Iron Tree,"Maui Sunset, Flame of the Woods","Ixora coccinea","Rubiaceae","Iksora szkarłatna (Żelazne drzewo)"
Ivy Peperomia,"Plantinum Peperomia, Silver leaf Peperomia, Ivy leaf Peperomia","Peperomia griseoargentea","Piperaceae","Peperomia szarawa (Peperomia bluszczolistna)"
Jackson Brier,"","Smilax lanceolata","Liliaceae","Kolcorośl lancetowata"
Jacob's Ladder,"Carrion Flower","Smilax herbacea","Liliaceae","Kolcorośl zielna (Drabina Jakuba)"
Japanese Aralia,"Formosa rice tree, Glossy-leaved paper plant, Big-leaf paper plant","Fatsia japonica","Araliaceae","Fatsja japońska (Aralia japońska)"
Japanese Holly Fern,"Fishtail Fern, Holly Fern","Cyrtomium falcatum","Polypodaceae","Cyrtomium sierpowate (Japońska paproć ostrokrzewu)"
Japanese Moss,"Club Moss, Cushion Moss, Krauss' Spikemoss, Spreading Club Moss, Trailing Irish Moss, Irish Moss","Selaginella kraussiana","Selaginellaceae","Widliczka Kraussa (Mech japoński)"
Japanese Pittosporum,"Australian laurel, Mock orange","Pittosporum tobira","Pittosporaceae","Pospornica japońska"
Jasmine,"","Jasminum species","Oleaceae","Jaśmin"
Jewel Orchid,"Golden Lace Orchid","Haemaria discolor","Orchidaceae","Hemaria dwubarwna (Orchidea klejnotowa)"
Joseph's Coat,"Chicken Gizzard, Yellow Bloodleaf, Bloodleaf","Iresine herbstii","Amaranthaceae","Iresine Herbsta (Płaszcz Józefa)"
Jungle Geranium,"","Ixora javanica","Rubiaceae","Iksora jawajska (Geranium dżunglowe)"
Kaempferia,"Peacock Ginger","Kaempferia spp.","Zingiberaceae","Kemferia (Imbir pawi)"
Kahali Ginger,"","Hedychium gardnerianum","Zingiberaceae","Hedychium Gardnera (Imbir Kahali)"
Kenilworth Ivy,"Coliseum Ivy","Cymbalaria muralis","Scrophulariaceae","Cymbalaria murowa (Bluszcz Kenilworth)"
Kentia Palm,"Forster Senty Palm","Howea forsteriana","Howea forsteriana","Howea Forstera (Palma Kentia)"
Kenya Violet,"Usambra violet","Saintpaulia confusa","Gesneraceae","Sępolia pomieszana (Fiołek kenijski)"
Kharoub,"Carob Tree, Sugar Pods, Locust Pods, Beans","Ceratonia siliqua","","Szarańczyn strąkowy (Chleb świętojański)"
King and Queen Fern,"Hen and Chickens Fern, Spleenwort, Parsley fern","Asplenium bulbiferum","Polypodaceae","Zanokcica bulwkowata (Paproć król i królowa)"
King Nut,"","Carya laciniosa","Juglandaceae","Orzesznik siedmiolistkowy (Orzech królewski)"
King of the Forest,"Golden Jewel Orchid","Anoectuchilus setaceus","Orchidaceae","Anoectochilus setaceus (Król lasu)"
Kuang-yen-pa-hsieh,"China Root, Ti-hu-ling, Shiny Leaf Smilax, Cat Brier","Smilax glabra","Liliaceae","Kolcorośl gładka"
Lace Flower Vine,"Chocolate Soldier","Episcia dianthiflora","Gesneriaceae","Episcia goździkokwiatowa (Koronkowa winorośl kwiatowa)"
Lace Orchid,"","Odontoglossum crispum","Orchidaceae","Odontoglossum kędzierzawe (Koronkowa orchidea)"
Ladies Ear Drops,"","Fuschsia spp.","Onagraceae","Fuksja (Kolczyki)"
Lady Lou,"Flame Violet, Red Violet, Flame African Violet","Episcia reptans","Gesneriaceae","Episcia płożąca (Pani Lou)"
Lady Palm,"","Rhapis flabelliformus","Arecaceae","Rapis wachlarzowaty (Palma damska)"
Lady Slipper,"Giant Touch-Me-Not, Buzzy Lizzy, Patient Lucy, Patient Plant, Tangerine Impatience, Impatience Plant","Impatiens spp.","Balsaminaceae","Niecierpek (Pantofelek)"
Lagerstroemia Indica,"Crepe/Crape Myrtle","Lagerstroemia indica","Lythraceae","Lagerstremia indyjska"
Lance Pleomele,"","Draceana spp.","Asparagaceae","Dracena lancetowata"
Laurel-Leaved Greenbrier,"Blaspheme vine, Bamboo Vine","Smilax laurifolia","Liliaceae","Kolcorośl wawrzynolistna"
Leather Peperomia,"","Peperomia crassifolia","Piperaceae","Peperomia grubolistna (Skórzasta peperomia)"
Lemon Balm,"Balm, Common Balm, Balm mint","Melissa officinalis","Lamiaceae","Melisa lekarska"
Leopard Orchid,"Tiger Orchid","Dendrobium gracilicaule","Orchidaceae","Dendrobium smukłe (Orchidea lamparcia)"
Lesser Snapdragon,"","Antirrhinum orontium","Mimosaceae","Wyżlin polny (Mniejsza lwia paszcza)"
Lily of the Valley Orchid,"","Odontoglossum pulchellum","Orchidaceae","Odontoglossum piękne (Orchidea konwaliowa)"
Linden,"","Tilia americana","Tiliaceae","Lipa amerykańska"
Lipstick Plant,"","Aeschynanthus humilis","Gesneriaceae","Eschynantus skromny (Roślina szminkowa)"
Little Fantasy Peperomia,"Green Ripple Peperomia, Emerald Ripple Peperomia","Peperomia caperata","Piperaceae","Peperomia kędzierzawa (Mała fantazyjna peperomia)"
Little Zebra Plant,"","Haworthia subfasciata","Aloaceae","Haworsja pręgowana (Mała zebra)"
Living Rock Cactus,"African living rock, Mimicry plant","Pleiospilos bolusii","Aizoaceae","Pleiospilos Bolusa (Żywy kamień)"
Living Stones,"Kiawe, Mesquite","Lithops naureeniae","Aizoaceae","Litops Naureeniae (Żywe kamienie)"
Loco Weed (Oxytropis spp.),"Locoweed","Oxytropis spp.","Fabaceae","Ostrołódka (Traganek)"
Locust Pods,"Carob Tree, Sugar Pods, Kharoub, Beans","Ceratonia siliqua","","Szarańczyn strąkowy (Strąki chleba świętojańskiego)"
Madagascar Jasmine,"Wax Flower, Bride's Flower, Clustered Wax Flower","Stephanotis floribunda","Ascleopiadaceae","Stefanotis bukietowy (Jaśmin madagaskarski)"
Magnolia Bush,"Star Magnolia","Magnolia stellata","Magnoliaceae","Magnolia gwiaździsta (Krzew magnolii)"
Mahonia,"Oregon Grape, Oregon Grape Holly, Mahonia aguifolium, Holly-leaved berry","Mahonia aquifolium","Berberidaceae","Mahonia pospolita"
Majesty Palm ,"Majestic Palm","Ravenea rivularis","Aracaceae","Rawenea przylądkowa (Palma majestatyczna)"
Malabar Gourd,"Fig-leaf gourd","Cucurbita ficifolia","Cucurbitaceae","Dynia figolistna (Gurda malabarska)"
Malaysian Dracaena,"Song of India, Pleomele","Dracaena reflexa","Asparagaceae","Dracena odgięta (Dracena malezyjska)"
Manila Palm,"Dwarf Royal Palm, Christmas Palm","Veitchia merrillii","Arecaceae","Adonidia Merilla (Palma manilska)"
Maranta,"","Calathea insignis","Marantaceae","Maranta"
Marbled Fingernail,"Fingernail Plant","Neoregelia spectabilis","Bromeliaceae","Neoregelia spectabilis (Marmurkowy paznokieć)"
Mariposa Lily,"Sego Lily","Calochortus gunnisonii","Liliaceae","Kokoryczka Gunnisona (Lilia Mariposa)"
Maroon,"Copper Rose","Echeveria multicaulis","Crassulaceae","Eszeweria wielołodygowa (Kasztanowy)"
Maroon Chenille Plant,"Blue Echeveria, Painted Lady, Copper Rose, Wax Rosette, Plush Plant","Echeveria derenbergii","Crassulaceae","Eszeweria Derenberga (Kasztanowa roślina szenilowa)"
Mary-Bud,"Marigold, Garden Marigold, Gold bloom, Pot Marigold","Calendula officinalis","Compositae","Nagietek lekarski"
Measles Plant,"Polka Dot Plant, Flamingo Plant, Baby’s Tears, Freckle Face","Acantha","Acanthaceae","Niedośpian (Roślina odrowa)"
Metallic Peperomia,"","Peperomia caperata","Piperaceae","Peperomia kędzierzawa (Metaliczna peperomia)"
Mexican Firecracker,"","Echeveria Pulinata","Crassulaceae","Eszeweria Pulinata (Meksykański fajerwerk)"
Mexican Rosettes,"","Echevaria","Crassulaceae","Eszeweria (Meksykańskie rozety)"
Mexican Snowballs,"","Echevaria","Crassulaceae","Eszeweria (Meksykańskie kule śnieżne)"
Miniature Date Palm,"Pygmy Date Palm, Robellini Palm","Phoenix robellinii","Arecaceae","Daklowiec Robeliniego (Miniaturowa palma daktylowa)"
Miniature Fish Tail,"Parlor Palm","Chamaedorea elegans","Palmae","Chamedora wytworna (Miniaturowy rybi ogon)"
Miniature Maranta,"","Calathea micans","Saxifragaceae","Kalatea błyszcząca (Miniaturowa maranta)"
Miniature Marble Plant,"","Neoregelia spectabilis","Bromeliaceae","Neoregelia spectabilis (Miniaturowa roślina marmurkowa)"
Mistletoe Cactus,"","Rhipsalis cassutha","Cactaceae","Rhipsalis cassutha (Kaktus jemiołowy)"
Mockernut Hickory,"Squarenut","Carya tomentosa","Juglandaceae","Orzesznik omszony"
Money Tree,"Money Plant","Pachira aquatica ","Malvaceae","Pachira wodna (Drzewko pieniędzy)"
Mosaic Plant,"Jewel Plant, Siver Nerve, Nerve Plant, Silver Threads","Bertolonia mosaica","Melastomataceae","Bertolonia mozaikowa (Mozaikowa roślina)"
Mosaic Vase,"","Guzmania musaica","Bromeliaceae","Guzmania mozaikowa (Mozaikowy wazon)"
Moss Agate,"Flame Violet, Red Violet, Flame African Violet, Lady Lou","Episcia reptans","Gesneriaceae","Episcia płożąca (Mech agatowy)"
Moss Campion,"Bladder Campion, Cushion Pink, Dwarf Silene, Catchfly","Silene acaulis","Caryophyllaceae","Lepnica bezłodygowa (Mechowy goździk)"
Moss Fern,"Club Moss, Irish Moss, Krauss' Spikemoss, Spreading Club Moss, Trailing Irish Moss, Cushion Moss","Selaginella kraussiana","Selaginellaceae","Widliczka Kraussa (Paproć mchowa)"
Moss Phlox,"","Phlox subulata","Polemoniaceae","Floks szydlasty (Mechowy floks)"
Mossy Campion,"Bladder Campion, Cushion Pink, Dwarf Silene, Catchfly, Moss Campion","Silene acaulis","Caryophyllaceae","Lepnica bezłodygowa (Mchowy goździk)"
Mother Fern,"King and Queen Fern, Spleenwort, Parsley Fern, Hen and Chickens Fern","Asplenium bulbiferum","Polypodaceae","Zanokcica bulwkowata (Paproć matka)"
Mother of Pearl,"Ghost Plant","Secum weinbergii","Crassulaceae","Rozchodnik Weinberga (Macica perłowa)"
Mother Spleenwort,"King and Queen Fern, Spleenwort, Parsley Fern, Hen and Chickens Fern, Mother Fern","Asplenium bulbiferum","Polypodaceae","Zanokcica bulwkowata (Matczyna zanokcica)"
Mountain Camellia,"Showy Camellia","Stewartia ovata","Theaceae","Stewarcja jajowata (Górska kamelia)"
Mountain Grape,"Oregon Grape, Oregon Grape Holly, Mahonia Aguifolium, Holly-Leaved Berry, Mahonia","Mahonia aquifolium","Berberidaceae","Mahonia pospolita (Winogrono górskie)"
Mulberry Bush Greenbrier,"","Smilax sp.","Liliaceae","Kolcorośl (Morwowy krzew kolcorośli)"
Mulberry Tree,"","Morus sp.","Moraceae","Morwa"
Musa Paradisiaca,"Banana, Edible Banana, Plantain","Musa acuminata","Musaceae","Banan rajski"
Muscari Armeniacum,"Grape Hyacinth","Muscari armeniacum","Hyacinthaceae","Szafirek armeński"
Muskmelon,"","Cucumis melo","Cucurbiaceae","Melon piżmowy"
Nasturtium,"Nose-Twister, Nose-Tweaker","Tropaeolum majus","Tropaeolaceae","Nasturcja większa"
Natal Plum,"","Carissa grandiflora","Apocynaceae","Karissa wielkokwiatowa (Śliwka natalijska)"
Neanthe Bella Palm,"Neanthebella","Chamaedorea elegans","Araceae","Chamedora wytworna (Palma Neanthe Bella)"
Nematanthus spp.,"Candy Corn Plant","Hypocyrta nummularia","Gesneriaceae","Nematanthus (Roślina kukurydziana)"
Neoregelia,"Crimson Cup, Marbled Fingernail, Blushing Bromeliad, Ossifragi Vase, Miniature Marble Plant, Aregelia","Neoregalia spp.","Bromiliaceae","Neoregelia"
Nerve Plant,"Jewel Plant, Silver Nerve, Mosaic Plant, Silver Threads","Fittonia verschaffeltii","Acanthaceae","Fitonia Verschaffelta (Roślina nerwowa)"
Night Blooming Cereus,"Queen of the Night, Pitaya, Honolulu Queen","Hylocereus undatus","Cactaceae","Hylocereus falisty (Królowa nocy)"
Old Man Cactus,"","Cephalocereus senilis","Cactaceae","Cefalocereus starczy (Kaktus starca)"
Old World Orchid,"Cirrhopetalum","Bulbophyllum appendiculatum","Orchidaceae","Bulbophyllum (Orchidea Starego Świata)"
Orange Star,"","Guzmania lingulata minor","Bromeliaceae","Guzmania języczkowata mniejsza (Pomarańczowa gwiazda)"
Oregon Grape,"Mountain Grape, Oregon Grape Holly, Mahonia Aguifolium, Holly-Leaved Berry, Mahonia","Mahonia aquifolium","Berberidaceae","Mahonia pospolita (Winogrono oregońskie)"
Ossifragi Vase,"Crimson Cup, Marbled Fingernail, Blushing Bromeliad, Neoregelia, Miniature Marble Plant, Aregelia","Neoregalia spp.","Bromiliaceae","Neoregelia (Wazon Ossifragi)"
Paddys Wig,"Japanese moss, Peace-in-the-home, Corsican Carpet, Angel's Tears, Irish Moss, Mind-your-own-business, Pollyanna vine, Baby Tears","Soleirolia soleirolii","Urticaceae","Soleirolia rozesłana (Peruka Paddy'ego)"
Painted Lady,"Copper Rose","Echeveria multicaulis","Crassulaceae","Eszeweria wielołodygowa (Malowana dama)"
Pampas Grass,"","Cortaderia selloana","Poaceae","Trawa pampasowa"
Panamiga,"Friendship Plant","Pilea involucrata","Urticaceae","Pilea involucrata (Panamiga)"
Pansy Orchid,"","Miltonia roezlii alba","Orchidaceae","Miltonia Roezla biała (Orchidea bratkowata)"
Paradise Palm,"Kentia palm, Forster Senty Palm","Howea forsteriana","Howea forsteriana","Howea Forstera (Rajska palma)"
Parlor Palm,"Miniature Fish Tail Dwarf Palm, Good Luck Palm, Bamboo Palm","Chamaedorea elegans","Palmae","Chamedora wytworna (Palma salonowa)"
Parsley Fern,"King and Queen Fern, Spleenwort, Mother Fern, Hen and Chickens Fern","Asplenium bulbiferum","Polypodaceae","Zanokcica bulwkowata (Paproć pietruszkowa)"
Patient Lucy,"Giant Touch-Me-Not, Impatience Plant, Patient Plant, Tangerine Impatience, Buzzy Lizzie","Impatiens spp.","Balsaminaceae","Niecierpek (Cierpliwa Lucy)"
Patient Plant,"Giant Touch-Me-Not, Impatience Plant, Patient Lucy, Tangerine Impatience, Buzzy Lizzie","Impatiens spp.","Balsaminaceae","Niecierpek (Cierpliwa roślina)"
Peacock Plant,"Peacock Ginger, Kaempferia","Kaempferia","Zingiberaceae","Kemferia (Pawia roślina)"
Pearl Plant,"","Haworthia margaritifera","Liliaceae","Haworsja perłowa (Perłowa roślina)"
Pearly Dots,"","Haworthia margaritifera","Liliaceae","Haworsja perłowa (Perłowe kropki)"
Peperomia Hederifolia,"Plantinum Peperomia, Silver Leaf Peperomia, Ivy Leaf Peperomia, Ivy Peperomia","Peperomia griseoargentea","Piperaceae","Peperomia szarawa"
Peperomia Peltfolia,"","Peperomia peltifolia","Piperaceae","Peperomia tarczowata"
Peperomia Rotundifolia,"","Peperomia rotundifolia","Piperaceae","Peperomia okrągłolistna"
Peperomia Sandersii,"","Peperomia sandersii","Piperaceae","Peperomia Sandersa"
Pepper Face,"Baby Rubber Plant, American Rubber Plant","Peperomia obtusifolia","Pipericeae","Peperomia tępolistna (Pieprzowa twarz)"
Persian Violet,"Arabian gentian, German Violet","Exacum affine","Gentianaceae","Egzakum pokrewne (Fiołek perski)"
Peruvian Lily,"Lily of the Incas, Princess Lily, Alstromeria","Alstroemeria","Liliaceae","Alstremeria (Lilia peruwiańska)"
Petunia,"","Petunia species","Solanaceae","Petunia"
Phalaenopsis Orchid,"Moth Orchid, Moon Orchid","Phalaenopsis sp.","Orchidaceae","Falernopsis (Orchidea ćmówka)"
Pheasant Plant,"Zebra Plant","Cryptanthus zonatus","Bromeliaceae","Kryptantus pręgowany (Bażancia roślina)"
Piggy Back Plant,"Pick-a-back plant, Mother of Thousands, Curiosity plant","Tolmeia menziesii","Saxifragaceae","Tolmiea Menziesa (Roślina na barana)"
Pignut Hickory,"","Carya glabra","Juglandaceae","Orzesznik gładki"
Pilea Microphylla,"Artillery Plant","Pilea microphylla","Urticaceae","Pilea drobnolistna"
Pilea Mucosa,"Artillery Plant","Pilea microphylla","Urticaceae","Pilea drobnolistna"
Pincushion Flower,"","Leucospermum incisum","Protaeceae","Leukospermum nacięte (Kwiat poduszkowy)"
Pink Brocade,"","Episcia cultivar","Gesneriaceae","Episcia (Różowy brokat)"
Pink Splash,"Flamingo Plant, Polka Dot Plant, Measles Plant, Baby’s Tears, Freckle Face","Hypoestes phyllostachya","Acanthaceae","Niedośpian kłosolistny (Różowy plusk)"
Pink Starlite,"Starfish Plant, Green Earth Star, Vary-Leaf Star, Earth Star, Rose-stripe Star","Cryptanthus bivattus minor","Bromeliaceae","Kryptantus dwupaskowy mniejszy (Różowa gwiazdka)"
Pirliteiro,"Haws","Crataegus species","Rosaceae","Głóg"
Pitaya,"Queen of the Night, Night Blooming Cereus, Honolulu Queen","Hylocereus undatus","Cactaceae","Hylocereus falisty (Pitaja)"
Plantanus Occidentalis,"oriental plane","Plantanus occidentalis","Plantanaceae","Platan zachodni"
Platinum Peperomia,"Ivy Peperomia, Silver Leaf Peperomia, Ivy Leaf Peperomia","Peperomia griseoargentea","Piperaceae","Peperomia szarawa (Platynowa peperomia)"
Platycerium Alcicorne,"Staghorn Fern","Platycerium alcicorne","Polypodaceae","Płaskla łosioroga"
Plumbago Larpentiae,"","Ceratostigma larpentiae","Plumbaginaceae","Ceratostigma Larpentae (Ołownik Larpenty)"
Plush Plant,"","Echeveria pul-oliver","Crassulaceae","Eszeweria Pulvinata Oliver (Pluszowa roślina)"
Poison Ivy,"poison oak, poison sumac","Toxicodendron species","Anacardiaceae","Sumak jadowity (Trujący bluszcz)"
Poison Oak,"Similar: Poison Ivy, Poison Sumac","Toxicodendron species","Anacardiaceae","Sumak jadowity (Trujący dąb)"
Poison Sumac,"Similar: Poison Ivy, Poison Oak","Toxicodendron species","Anacardiaceae","Sumak jadowity"
Polka Dot Plant,"Pink Polka Dot Plant, Measles Plant, Baby’s Tears, Freckle Face","Hypoestes phyllostachya","Acanthaceae","Niedośpian kłosolistny (Roślina w kropki)"
Polystichum Falcatum,"Fishtail Fern","Cyrtomium falcatum","Polypodaceae","Cyrtomium sierpowate"
Pony Tail,"Elephant-Foot Tree, Pony Tail Plant, Bottle Palm","Beaucarnea recurvata","Agavaceae","Nolina wygięta (Koński ogon)"
Porcelain Flower,"Hindu Rope Plant","Hoya carnosa 'krinkle kurl'","Asclepiadaceae","Hoja różowa 'Krinkle Kurl' (Porcelanowy kwiat)"
Pot Marigold,"Marigold, Mary Bud, Gold bloom","Calendula officinalis","Compositae","Nagietek lekarski (Nagietek doniczkowy)"
Prairie Lily,"giant rain lily, hill country rain lily","Zephyranthes drummondii","Amaryllidaceae","Zefirant Drummonda (Lilia preriowa)"
Prayer Plant,"Maranta, Peacock Plant, Rattle Snake Plant, Red Veined Prayer, Zebra Plant","Calathea insignis","Marantaceae","Kalatea (Roślina modlitewna)"
Prostrate Coleus,"","Plectranthus oetendahlii","Lamiaceae","Plekrantus Oetendahla (Płożący koleus)"
Pupleosier Willow,"","Salix purpurea","Saliaceae","Wierzba purpurowa"
Purple Baby Tears,"fairy elephant's feet","Frithia pulchra","Aizoaceae","Frithia piękna (Fioletowe łzy dziecka)"
Purple Passion Vine,"Velvet Plant, Royal Velvet Plant, Purple Velvet Plant","Gynura aurantica","Asteraceae","Gynura pomarańczowa (Fioletowa winorośl męczennicy)"
Purple Velvet Plant,"Velvet Plant, Royal Velvet Plant, Purple Passion Vine","Gynura aurantica","Asteraceae","Gynura pomarańczowa (Fioletowa aksamitna roślina)"
Purple Waffle Plant,"waffle plant","Hemigraphis exotica","Acanthaceae","Hemigraphis egzotyczny (Fioletowa roślina gofrowa)"
Queencup,"Bride's Bonnet","Clintonia uniflora","Liliaceae","Klintonia jednokwiatowa (Kielich królowej)"
Queens Spiderwort,"","Dichorisandra reginae","Commelinaceae","Dichorisandra królewska (Pajęczynowiec królowej)"
Queensland Arrowroot,"Achira, Canna, Arrowroot","Canna edulis","Cannaceae","Paciorecznik jadalny (Maranta z Queensland)"
Rabbits Foot Fern,"Hare Fern, Squirrel Foot Fern, Deer Foot Fern, Ball Fern","Davallia spp.","Polypodiaceae","Dawalia (Paproć zajęcza łapa)"
Rainbow Orchid,"","Epidendrum prismatocarpum","Orchidaceae","Epidendrum prismatocarpum (Tęczowa orchidea)"
Red African Violet,"Flame African Violet","Episcia reptans","Gesneriaceae","Episcia płożąca (Czerwony fiołek afrykański)"
Red Berried Greenbrier,"red-berried-bamboo","Smilax walteria","Liliaceae","Kolcorośl Waltera (Czerwonojagodowa kolcorośl)"
Red Edge Peperomia,"","Peperomia clusiifolia","Piperaceae","Peperomia kluzyfolistna (Peperomia o czerwonych brzegach)"
Red Hawthorne,"Haws, Pirliteiro","Crataegus species","Rosaceae","Głóg czerwony"
Red Maple,"Swamp Maple, Scarlet Maple, Water Maple, Soft Maple","Acer rubrum","Sapindaceae","Klon czerwony"
Red Palm Lily,"Red Fruited Palm Lily","Cordyline rubra","Agavaceae","Kordylina czerwona (Czerwona palma liliowa)"
Red Veined Prayer,"Maranta, Prayer Plant","Calathea insignis","Marantaceae","Kalatea (Czerwonożyłkowana roślina modlitewna)"
Reed Palm,"Bamboo palm, Miniature Fish Tail Dwarf Palm, Parlor Palm, Good Luck Palm","Chamaedorea elegans","Palmae","Chamedora wytworna (Palma trzcinowa)"
Resurrection Lily,"Peacock Ginger, Kaempferia","Kaempferia","Zingiberaceae","Kemferia (Lilia zmartwychwstania)"
Rhynchophorum,"Pepper Face, Baby Rubber Plant, American Rubber Plant","Peperomia obtusifolia","Pipericeae","Peperomia tępolistna"
Ribbon Plant (Chlorophytum Comosum),"anthericum, walking anthericum, spider ivy, spider plant","Chlorophytum comosum","Liliaceae","Zielistka Sternberga (Roślina wstążkowa)"
Roosevelt Fern,"Bold Sword Fern","Nephrolepis biserrata","Dryopteridaceae","Nefrolepis piłkowany (Paproć Roosevelta)"
Rose,"","Rosa Species","Rosaceae","Róża"
Rose of China,"Hibiscus, Rose of Sharon","Hibiscus syriacus","Malvaceae","Ketmia syryjska (Róża chińska)"
Rose of Sharon,"Hibiscus, Rose of China","Hibiscus syriacus","Malvaceae","Ketmia syryjska (Róża Szaronu)"
Rosemary,"Anthos","Rosmarinus officinalis","Lamiaceae","Rozmaryn lekarski"
Russian Knapweed,"","Centaurea repens","Compositae","Chaber rosyjski"
Russian Olive,"Autumn Olive, Silverberry","elaeagnus species","Elaeagnaceae","Oliwnik (Oliwka rosyjska)"
Saffron Spike Zebra,"","Aphelandra squarrosa","Acanthaceae","Afelandra czworokątna (Szafranowa zebra)"
Sage,"Common Sage, Garden Sage","Salvia officinalis","Lamiaceae","Szałwia lekarska"
Saint Bernards Lily,"","Anthericum liliago","Liliaceae","Pajęcznica liliowata (Lilia św. Bernarda)"
Salad Burnet,"Garden Burnet, Small Burnet, Burnet","Poterium sanguisorba","Rosaceae","Krwiściąg mniejszy (Sałatkowy krwiściąg)"
Sand Lily,"mountain lily, star lily","Leucocrinum montanum","Liliaceae","Leukokrinum górskie (Lilia piaskowa)"
Sand Verbena,"Fragrant sand-verbena, snowball sand-verbena, prairie snowball","Abronia fragrans","Nyctaginaceae","Abronia wonna (Werbena piaskowa)"
Satin Pellionia,"","Pellonia pulchra","Urticaceae","Pellionia piękna (Satynowa pelionia)"
Savory (Summer),"","Satureja hortensis","Lamiaceae","Cząber ogrodowy (Letni)"
Savory (Winter),"","Satureja hortensis","Lamiaceae","Cząber ogrodowy (Zimowy)"
Sawbrier,"Wild Sasparilla","Smilax glauca","Liliaceae","Kolcorośl sina (Dzikie sasanki)"
Scabious,"Pincushion Flower","Leucospermum incisum","Protaeceae","Driakiew (Kwiat poduszkowy)"
Scarborough Lily,"","Vallota speciosa","Amaryllidaceae","Walota piękna (Lilia Scarborough)"
Scarlet Orchid,"Florida Butterfly Orchid","Epidendrum tampense","Orchidaceae","Epidendrum tampense (Szkarłatna orchidea)"
Scarlet Sage,"Texas Sage","Salvia coccinea","Labiatae","Szałwia błyszcząca (Szałwia szkarłatna)"
Sego Lily,"Mariposa Lily","Calochortus gunnisonii","Liliaceae","Kokoryczka Gunnisona (Lilia Sego)"
Shagbark Hickory,"Big Shellbark Hickory, Shellbark Hickory, Big Shagbark Hickory","Carya laciniosa","Juglandaceae","Orzesznik siedmiolistkowy (Orzesznik kosmaty)"
Shan Ku'ei-lai,"Cat Brier, China Root, Ti-hu-ling, Shiny Leaf Smilax","Smilax glabra","Liliaceae","Kolcorośl gładka"
Shellbark Hickory,"Big Shellbark Hickory","Carya laciniosa","Juglandaceae","Orzesznik siedmiolistkowy (Orzesznik łuskowaty)"
Shrimp Cactus,"","Schlumbergera russelliana","Cactaceae","Schlumbergera Russella (Kaktus krewetkowy)"
Silver Bell,"opossum wood, snowbell tree, shittimwood","Halesia carolina","Styrnaceae","Ośnieża karolińska (Srebrny dzwonek)"
Silver Berry,"Autumn Olive, Russian Olive","elaeagnus species","Elaeagnaceae","Oliwnik (Srebrna jagoda)"
Silver Heart,"","Peperomia caperata","Piperaceae","Peperomia kędzierzawa (Srebrne serce)"
Silver Pink Vine,"","Hoya publcalyx","Asclepiadaceae","Hoja pubicalyx (Srebrnoróżowa winorośl)"
Silver Star,"Cape Marigold","Cryptanthus lacerdae","Bromeliaceae","Kryptantus Lacery (Srebrna gwiazda)"
Silver Table Fern,"","Pteris sp.","Pteridaceae","Orliczka (Srebrna paproć stołowa)"
Silver Tree Anamiga,"","NONE LISTED","","Srebrne drzewo Anamiga"
Slender Deutzia,"","Deutzia gracilis","Saxifragaceae","Żylistek wysmukły"
Small Fruited Hickory,"","Carya glabra","Juglandaceae","Orzesznik gładki (Drobnolistny orzesznik)"
Smilax Tamnoides Vas,"Hellfetter, Hagbrier","Smilax hispida","Liliaceae","Kolcorośl szorstka"
Speckled Wood Lily,"","Clintonia umbelluata","Liliaceae","Klintonia baldaszkowata (Nakrapiana lilia leśna)"
Spice Orchid,"","Epidendrum atropurpeum","Orchidaceae","Epidendrum ciemnopurpurowe (Orchidea korzenna)"
Spice Orchid,"Fiery Reed Orchid","Epidendrum ibaguense","Orchidaceae","Epidendrum Ibaguense (Orchidea korzenna)"
Spider Flower,"","Cleome hasserlana","Capparaceae","Kleome kolczaste (Kwiat pająka)"
Spider Ivy,"Ribbon Plant, Anthericum, Spider Ivy","Chlorophytum comosum","Liliaceae","Zielistka Sternberga (Pajęczy bluszcz)"
Spider Plant,"Ribbon Plant, Anthericum, Spider Ivy","Chlorophytum comosum","Asparagaceae","Zielistka Sternberga (Roślina pająk)"
Star Jasmine,"","Trachelospermum jasminoides","Apocynaceae","Jaśmin gwiazdkowy"
Star Lily,"Mountain Lily, Sand Lily","Leucocrinum montanum","Liliaceae","Leukokrinum górskie (Lilia gwiaździsta)"
Star Plant,"Starfish Plant, Green Earth Star, Vary-Leaf Star, Pink Starlite","Cryptanthus bivattus minor","Bromeliaceae","Kryptantus dwupaskowy mniejszy (Roślina gwiaździsta)"
Stevia,"Sweetleaf, Sugar Leaf","Stevia rebaudiana","Asteraceae","Stewia"
Strawberry,"wild strawberry","Fragaria spp.","Rosaceae","Truskawka"
Striped Blushing,"Crimson Cup, Marbled Fingernail, Blushing Bromeliad, Neoregelia, Miniature Marble Plant, Aregelia","Neoregalia spp.","Bromiliaceae","Neoregelia (Pasiasta rumieniąca się)"
Sudan Grass,"Hybrid Sudan","Sorghum vulgare var sudanesis","Gramineae","Sorgo sudańskie (Trawa sudańska)"
Sugar Pods,"Carob Tree, Locust Pods, Kharoub, Beans","Ceratonia siliqua","","Szarańczyn strąkowy (Słodkie strąki)"
Sulfur Flower,"Umbrella Plant, Wild Buckweat","Eriogonium umbellatum","Polygonaceae","Eriogonum baldaszkowe (Kwiat siarkowy)"
Summer Hyacinth,"","Galtonia spp.","Hyacinthaeae","Galtonia (Letni hiacynt)"
Sunflower,"swamp sunflower","helianthus angustifolius","Compositae","Słonecznik"
Swamp Sunflower,"Sunflower","helianthus angustifolius","Compositae","Słonecznik wąskolistny (Słonecznik bagienny)"
Swedish Ivy,"Creeping Charlie","Plectranthus australis","Pilea: Uriticaeae; Plectranthus: Lamiaceae","Plekrantus australijski (Szwedzki bluszcz)"
Sweet Pea,"Perennial Pea, Everlasting Pea","Lathyrus latifolius","Fabaceae","Groszek szerokolistny (Groszek pachnący)"
Sweet Potato Vine,"Sweet potato","Ipomoea batatas","Convolvulaceae","Wilec ziemniaczany (Batat)"
Sweetheart Hoya,"wax hearts, valentine hoya","Hoya kerrii","Asclepiadaceae","Hoja sercowata (Hoja serduszko)"
Sword Fern,"Bold Sword Fern, Roosevelt Fern","Nephrolepis biserrata","Dryopteridaceae","Nefrolepis piłkowany (Paproć mieczowa)"
Tailed Orchid,"","Masdevallia spp.","Orchidaceae","Masdevallia (Orchidea ogoniasta)"
Tall Feather Fern,"Bold Sword Fern, Sword Fern, Roosevelt Fern","Nephrolepis biserrata","Dryopteridaceae","Nefrolepis piłkowany (Wysoka paproć piórkowa)"
Tall Mahonia,"Oregon Grape, Oregon Grape Holly, Mahonia Aguifolium, Holly-Leaved Berry, Mahonia","Mahonia aquifolium","Berberidaceae","Mahonia pospolita (Wysoka mahonia)"
Tangerine Impatience,"Giant Touch-Me-Not, Buzzy Lizzy, Patient Lucy, Patient Plant, Tangerine Impatience, Impatience Plant, Lady Slipper","Impatiens spp.","Balsaminaceae","Niecierpek (Mandarynkowy niecierpek)"
Teasel Gourd,"Hedgehog Gourd","Cucumis dipsaceus","Cucurbitaceae","Ogórek jeżowy (Gurda szczotkowa)"
Texas Sage,"Scarlet Sage","Salvia coccinea","Labiatae","Szałwia teksańska"
Thea Japonica,"Common Camellia, Peony Camellia","Camellia japonica","Theaceae","Kamelia japońska"
Thimble Cactus,"","Mammillaria fragilis","Cactaceae","Mamilarka krucha (Kaktus naparstkowy)"
Thorn Apple,"Weisdornbluten, Blackthorn, Black Hawthorn, Thorn Plum, Pirliteiro, Red Hawthorn, May Bush, Oxyacantha, Haw Apple, Black Haw, Aubepine","Crataegus douglasii","Rosaceae","Głóg Douglasa (Cierniowe jabłko)"
Thyme,"Common Thyme, Garden Thyme, German Thyme","Thymus vulgaris","Lamiaceae","Macierzanka tymianek (Tymianek)"
Ti hu-ling,"China Root, Ti-hu-ling, Shiny Leaf Smilax, Cat Brier, Kuang-yen-pa-hsieh","Smilax glabra","Liliaceae","Kolcorośl gładka"
Tickseed,"coreopsis","Coreopsis californica","Compositae","Nachyłek kalifornijski"
Tiger Orchid,"Golden Lace Orchid, Jewel Orchid","Haemaria discolor","Orchidaceae","Hemaria dwubarwna (Orchidea tygrysia)"
Toad Spotted Cactus,"","Stapelia variegata","Apocynaceae","Stapelia pstra (Kaktus plamisty)"
Torch Lily,"red hot poker, poker plant","Kniphofia","Asphodelaceae","Trytoma groniasta (Lilia pochodniowa)"
Tous-les-mois,"Achira, Canna, Arrowroot","Canna edulis","Cannaceae","Paciorecznik jadalny (Wszystkie miesiące)"
Trailing Peperomia,"","Peperomia prostata","Piperaceae","Peperomia płożąca"
Tree Cactus,"","Opuntia species","Cactaceae","Opuncja (Kaktus drzewiasty)"
Tree Gloxinia,"","Kohleria lindeniana","Gesneriaciae","Kohleria Lindeniana (Drzewiasta gloksynia)"
Tropical Moss,"Cushion Moss, Irish Moss, Krauss' Spikemoss, Spreading Club Moss, Trailing Irish Moss","Selaginella kraussiana","Selaginellaceae","Widliczka Kraussa (Mech tropikalny)"
True Cantaloupe,"cantaloupe","Cucumis melo","Cucurbitaceae","Kantalupa (Prawdziwy kantalup)"
Tu Fu-Ling,"Cat Brier, China Root, Ti-hu-ling, Shiny Leaf Smilax","Smilax glabra","Liliaceae","Kolcorośl gładka"
Tulip Poplar,"tulip tree","Liriodendron tulipifera","Magnoliaceae","Tulipanowiec amerykański"
Turban Squash,"","Cucurbita maxima cv turbaniformis","Cucurbitaceae","Dynia turbanowa"
Turf Lily,"lilyturf","Liriope muscari","Asparagaceae","Liriope szafirkowate (Lilia darniowa)"
Umbrella Plant,"Sulfur Flower, Wild Buckweat","Eriogonium umbellatum","Polygonaceae","Eriogonum baldaszkowe (Roślina parasolowata)"
Urbinia Agavoides,"Hens and Chickens, Mother Hens and Chicks, Chickens and Hens","Echeveria elegans","Crassulaceae","Eszeweria agawowata"
Usambara Violet,"Kenya Violet","Santpaulia confusa","Gesneraceae","Sępolia pomieszana (Fiołek usambarski)"
Variegated Wax Plant,"","Echeveria sp.","","Eszeweria (Pstra roślina woskowa)"
Velvet Plant,"Velvet Plant, Royal Velvet Plant, Purple Velvet Plant, Purple Passion Vine","Gynura aurantica","Asteraceae","Gynura pomarańczowa (Aksamitna roślina)"
Venus Fly Trap,"","Dionaea muscipula","Droseraceae","Muchołówka amerykańska (Pułapka na muchy Wenus)"
Verona Fern,"Bold Sword Fern, Nephrolepis Biserrata, Verona Lace Fern","Nephrolepis biserrata","Dryopteridaceae","Nefrolepis piłkowany (Paproć Verona)"
Verona Lace Fern,"Bold Sword Fern, Nephrolepis Biserrata, Verona Fern","Nephrolepis biserrata","Dryopteridaceae","Nefrolepis piłkowany (Koronkowa paproć Verona)"
Vining Peperomia,"","Peperomia serpens variegata","Piperaceae","Peperomia pnąca pstra"
Violet Slipper Gloxinia,"Bright Eyes","Sinningia speciosa","Gesneriaceae","Syningia okazała (Fioletowy pantofelek gloksynii)"
Waffle Plant,"Purple Waffle Plant","Hemigraphis exotica","Acanthaceae","Hemigraphis egzotyczny (Roślina gofrowa)"
Walking Anthericum,"Ribbon Plant, Spider Plant, Spider Ivy","Chlorophytum comosum","Liliaceae","Zielistka Sternberga (Chodząca pajęcznica)"
Washington Hawthorn,"Haws, Pirliteiro, Red Hawthorn","Crataegus species","Rosaceae","Głóg waszyngtoński"
Water Hickory,"","Carya aquatica","Juglandaceae","Orzesznik wodny"
Water Hyacinth,"","Eichhornia crassipes","Pontederiaceae","Eichornia gruboogonkowa (Hiacynt wodny)"
Watermelon Begonia,"","Peperomia argyreia","Piperaceae","Peperomia argyreia (Begonia arbuzowa)"
Watermelon Peperomia,"Watermelon Begonia","Peperomia argyreia","Piperaceae","Peperomia argyreia (Peperomia arbuzowa)"
Watermelon Pilea,"Watermelon Plant, Aluminum Plant","Pilea cadieri","Urticaceae","Pilea Cadiera (Pilea arbuzowa)"
Wax Plant,"Hindu Rope Plant, Porcelain Flower","Hoya carnosa 'krinkle kurl'","Asclepiadaceae","Hoja różowa 'Krinkle Kurl' (Roślina woskowa)"
Wax Rosette,"Maroon Chenille Plant, Painted Lady, Copper Rose, Blue Echeveria, Plush Plant","Echeveria gilva","Crassulaceae","Eszeweria siwa (Woskowa rozeta)"
Weeping Bottlebrush,"Bottlebrush, Prickly Bottlebrush, Crimson Bottlebrush","Callistemon species","Myrtaceae","Kuflik płaczący"
Weeping Sargent Hemlock,"Many varieties","Tsuga species","Pinaceae","Choina Sargenta płacząca"
Weisdornbluten,"Haws, Pirliteiro, Red Hawthorn, Washington Hawthorn","Crataegus species","Rosaceae","Głóg"
West Indian Gherkin,"Goareberry Gourd, Gooseberry Gourd, Burr Gourd","Cucumis anguria","Cucurbitaceae","Ogórek antylski (Korniszon zachodnioindyjski)"
Western Sword,"Sword Fern, Giant Holly Fern, Imbricate Sword Fern","Ploystichum munitum","Polypodaceae","Paprotnik kolczasty (Zachodni miecz)"
White Edged Swedish Ivy,"Creeping Charlie, Swedish Ivy","Plectranthus australis","Pilea: Uriticaeae; Plectranthus: Lamiaceae","Plekrantus australijski (Białoobrzeżony szwedzki bluszcz)"
White Ginger,"Butterfly Ginger, Cinnamon Jasmine, Garland Flower, Ginger Lily","Hedychium coronarium","","Hedychium wieńcowe (Biały imbir)"
White Heart Hickory,"","Carya tomentosa","Juglandaceae","Orzesznik omszony (Biały orzesznik)"
Whitman Fern,"Bold Sword Fern, Nephrolepis Biserrata, Verona Fern, Verona Lace Fern","Nephrolepis biserrata","Dryopteridaceae","Nefrolepis piłkowany (Paproć Whitmana)"
Wild Buckwheat,"Sulfur Flower, Umbrella Plant","Eriogonium umbellatum","Polygonaceae","Eriogonum baldaszkowe (Dzika gryka)"
Wild Hyacinth,"Blue Dicks","Dichelostemma pulchellum","Amaryllidaceae","Dichelostemma piękna (Dziki hiacynt)"
Wild Lantana,"Sand Verbena, Prairie Snowball","Abronia fragrans","Nyctaginaceae","Abronia wonna (Dzika lantana)"
Wild Sasparilla,"Sawbrier","Smilax glauca","Liliaceae","Kolcorośl sina (Dzika sarsaparyla)"
Wild Strawberry,"Strawberry","Fragaria","Rosaceae","Poziomka pospolita (Dzika truskawka)"
Willow Herb,"Blooming Sally, Fire Weed","Epilobium angustifolium","Onagraceae","Wierzbownica kiprzyca (Ziele wierzbowe)"
Windmill Palm,"Chusan Palm","Trachycarpus fortunei","Palmea","Szorstkowiec Fortunego (Palma wiatrakowa)"
Winter Cattleya,"Christmas Orchid","Cattleya trianaei","Orchidaceae","Katleja Triany (Zimowa katleja)"
Withered Snapdragon,"","Anthirrhinum multiflorum","Schrophulariaceae","Wyżlin wielokwiatowy (Zwiędnięta lwia paszcza)"
Woolflower,"","Celosia cristata","Amaranthaceae","Celozja grzebieniasta (Wełniany kwiat)"
Yellow Bloodleaf,"Chicken Gizzard, Bloodleaf, Joseph's Coat","Iresine herbstii","Amaranthaceae","Iresine Herbsta (Żółta krwawnica)"
Yellow Palm,"Golden Butterfly Palm, Cane Palm, Golden Feather Palm, Yellow Palm","Dypsis lutescens","Palmae","Palma Areka (Złotowiec)"
Yellow-Flowered Gourd,"","Cucurbita species","Cucurbitaceae","Dynia żółtokwiatowa"
Yellowrocket,"","Barbarea vulgaris","Brassicaceae","Gorczycznik pospolity (Żółta rakieta)"
Yorba Linda,"","Peperomia rotundifolia","Piperaceae","Peperomia okrągłolistna (Yorba Linda)"
Zebra Haworthia,"","Haworthia fasciata","Liliaceae","Haworsja pręgowana (Zebra)"
Zinnia,"","Zinnia species","Asteraceae","Cynia"
Zucchini Squash,"","Cucurbia pepo cv zucchini","Cucurbitaceae","Cukinia"
